season,genre
Fall,Action
Fall,Action
Fall,Action
Fall,Action
Fall,Action
Fall,Action
Fall,Action
Fall,Action
Fall,Action
Fall,Action
Fall,Action
Fall,Action
Fall,Action
Fall,Action
Fall,Action
Fall,Action
Fall,Action
Fall,Action
Fall,Action
Fall,Action
Fall,Action
Fall,Action
Fall,Action
Fall,Action
Fall,Action
Fall,Action
Fall,Action
Fall,Action
Fall,Action
Fall,Action
Fall,Action
Fall,Action
Fall,Action
Fall,Action
Fall,Action
Fall,Action
Fall,Action
Fall,Action
Fall,Action
Fall,Action
Fall,Action
Fall,Action
Fall,Action
Fall,Action
Fall,Action
Fall,Action
Fall,Action
Fall,Action
Fall,Action
Fall,Action
Fall,Action
Fall,Action
Fall,Action
Fall,Action
Fall,Action
Fall,Action
Fall,Action
Fall,Action
Fall,Action
Fall,Action
Fall,Action
Fall,Action
Fall,Action
Fall,Action
Fall,Action
Fall,Action
Fall,Action
Fall,Action
Fall,Adventure
Fall,Adventure
Fall,Adventure
Fall,Adventure
Fall,Adventure
Fall,Adventure
Fall,Adventure
Fall,Adventure
Fall,Adventure
Fall,Adventure
Fall,Adventure
Fall,Adventure
Fall,Adventure
Fall,Adventure
Fall,Adventure
Fall,Adventure
Fall,Adventure
Fall,Adventure
Fall,Adventure
Fall,BlackComedy
Fall,Comedy
Fall,Comedy
Fall,Comedy
Fall,Comedy
Fall,Comedy
Fall,Comedy
Fall,Comedy
Fall,Comedy
Fall,Comedy
Fall,Comedy
Fall,Comedy
Fall,Comedy
Fall,Comedy
Fall,Comedy
Fall,Comedy
Fall,Comedy
Fall,Comedy
Fall,Comedy
Fall,Comedy
Fall,Comedy
Fall,Comedy
Fall,Comedy
Fall,Comedy
Fall,Comedy
Fall,Comedy
Fall,Comedy
Fall,Comedy
Fall,Comedy
Fall,Comedy
Fall,Comedy
Fall,Comedy
Fall,Comedy
Fall,Comedy
Fall,Comedy
Fall,Comedy
Fall,Crime
Fall,Crime
Fall,Crime
Fall,Crime
Fall,Crime
Fall,Crime
Fall,Crime
Fall,Crime
Fall,Crime
Fall,Crime
Fall,Crime
Fall,Crime
Fall,Crime
Fall,Crime
Fall,Crime
Fall,Crime
Fall,Crime
Fall,Crime
Fall,Crime
Fall,Crime
Fall,Crime
Fall,Crime
Fall,Crime
Fall,Crime
Fall,Crime
Fall,Crime
Fall,Drama
Fall,Drama
Fall,Drama
Fall,Drama
Fall,Drama
Fall,Drama
Fall,Drama
Fall,Drama
Fall,Drama
Fall,Drama
Fall,Drama
Fall,Drama
Fall,Drama
Fall,Drama
Fall,Drama
Fall,Drama
Fall,Drama
Fall,Drama
Fall,Drama
Fall,Drama
Fall,Drama
Fall,Drama
Fall,Drama
Fall,Drama
Fall,Drama
Fall,Drama
Fall,Drama
Fall,Drama
Fall,Drama
Fall,Drama
Fall,Drama
Fall,Drama
Fall,Drama
Fall,Drama
Fall,Drama
Fall,Drama
Fall,Drama
Fall,Drama
Fall,Drama
Fall,Drama
Fall,Drama
Fall,Drama
Fall,Drama
Fall,Drama
Fall,Drama
Fall,Drama
Fall,Drama
Fall,Drama
Fall,Drama
Fall,Drama
Fall,Drama
Fall,Drama
Fall,Drama
Fall,Drama
Fall,Drama
Fall,Drama
Fall,Drama
Fall,Drama
Fall,Drama
Fall,Drama
Fall,Drama
Fall,Drama
Fall,Drama
Fall,Drama
Fall,Drama
Fall,Drama
Fall,Drama
Fall,Drama
Fall,Drama
Fall,Drama
Fall,Drama
Fall,Drama
Fall,Drama
Fall,Drama
Fall,Drama
Fall,Drama
Fall,Drama
Fall,Drama
Fall,Drama
Fall,Drama
Fall,Drama
Fall,Drama
Fall,Family
Fall,Family
Fall,Family
Fall,Family
Fall,Family
Fall,Family
Fall,Fantasy
Fall,Fantasy
Fall,Fantasy
Fall,Fantasy
Fall,Fantasy
Fall,Fantasy
Fall,Fantasy
Fall,Fantasy
Fall,Fantasy
Fall,Fantasy
Fall,Fantasy
Fall,Fantasy
Fall,Fantasy
Fall,Fantasy
Fall,Fantasy
Fall,Fantasy
Fall,Fantasy
Fall,Fantasy
Fall,Fantasy
Fall,Fantasy
Fall,Fantasy
Fall,Historical
Fall,Horror
Fall,Horror
Fall,Horror
Fall,Horror
Fall,Horror
Fall,Horror
Fall,Horror
Fall,Horror
Fall,Horror
Fall,Horror
Fall,Horror
Fall,Horror
Fall,Melodrama/Romance
Fall,Melodrama/Romance
Fall,Melodrama/Romance
Fall,Melodrama/Romance
Fall,Melodrama/Romance
Fall,Melodrama/Romance
Fall,Melodrama/Romance
Fall,Melodrama/Romance
Fall,Melodrama/Romance
Fall,Melodrama/Romance
Fall,Melodrama/Romance
Fall,Melodrama/Romance
Fall,Melodrama/Romance
Fall,Melodrama/Romance
Fall,Melodrama/Romance
Fall,Melodrama/Romance
Fall,Melodrama/Romance
Fall,Melodrama/Romance
Fall,Melodrama/Romance
Fall,Melodrama/Romance
Fall,Melodrama/Romance
Fall,Melodrama/Romance
Fall,Melodrama/Romance
Fall,Mystery
Fall,Mystery
Fall,Mystery
Fall,Mystery
Fall,Mystery
Fall,Mystery
Fall,Mystery
Fall,Mystery
Fall,Mystery
Fall,Mystery
Fall,Mystery
Fall,Mystery
Fall,Mystery
Fall,Noir
Fall,Noir
Fall,SF
Fall,SF
Fall,SF
Fall,SF
Fall,SF
Fall,SF
Fall,SF
Fall,SF
Fall,SF
Fall,SF
Fall,SF
Fall,SF
Fall,SF
Fall,SF
Fall,SF
Fall,SF
Fall,SF
Fall,SF
Fall,SF
Fall,SF
Fall,SF
Fall,Suspense
Fall,Thriller
Fall,Thriller
Fall,Thriller
Fall,Thriller
Fall,Thriller
Fall,Thriller
Fall,Thriller
Fall,Thriller
Fall,Thriller
Fall,Thriller
Fall,Thriller
Fall,Thriller
Fall,Thriller
Fall,Thriller
Fall,Thriller
Fall,Thriller
Fall,Thriller
Fall,Thriller
Fall,Thriller
Fall,Thriller
Fall,Thriller
Fall,Thriller
Fall,Thriller
Fall,Thriller
Fall,Thriller
Fall,Thriller
Fall,Thriller
Fall,Thriller
Fall,Thriller
Fall,Thriller
Fall,Thriller
Fall,Thriller
Fall,Thriller
Fall,Thriller
Fall,Thriller
Fall,Thriller
Fall,Thriller
Fall,Thriller
Fall,Thriller
Fall,Thriller
Fall,Thriller
Fall,Thriller
Fall,Thriller
Fall,Thriller
Fall,Thriller
Fall,Thriller
Fall,Thriller
Fall,Thriller
Fall,Thriller
Fall,Thriller
Fall,Thriller
Fall,War
Fall,War
Fall,War
Fall,Western
